{
  "generated": "2026-05-21T07:17:03.465810",
  "etf_start": "2000-07",
  "HML": {
    "target": "HML",
    "n_dev_french": 888,
    "dev_period": "1926-07\u21922000-06",
    "base_rate_dev": 0.6362612612612613,
    "phaseA": {
      "lr_auc_mean": 0.6035788003687013,
      "lr_auc_std": 0.29605334287589785,
      "lgbm_auc_mean": 0.49752054664618234,
      "lgbm_auc_std": 0.30900507700016117,
      "n_folds": 23
    },
    "n_oos_etf": 310,
    "oos_period": "2000-06\u21922026-03",
    "base_rate_oos": 0.5096774193548387,
    "phaseB": {
      "lr_auc": 0.49696035976015984,
      "lgbm_auc": 0.34402065289806794,
      "n_obs": 310
    },
    "feature_corr": {
      "HML_t1": 0.8268343296336962,
      "HML_t3": 0.8437923570171548,
      "HML_t6": 0.8694271310669016,
      "HML_t12": 0.8620099259706575,
      "HML_cum12": 0.8656900270443825,
      "HML_vol12": 0.7811980956222129,
      "HML_vol24": 0.8193861773737646,
      "HML_dd": 0.8218319658283856,
      "SMB_t1": 0.912613713988986,
      "SMB_t3": 0.9194935343254999,
      "SMB_t6": 0.9124001079491034,
      "SMB_t12": 0.92319323921513,
      "SMB_cum12": 0.9213340914530441,
      "SMB_vol12": 0.9214966736760067,
      "SMB_vol24": 0.9443380873017435,
      "SMB_dd": 0.907353330180312,
      "Mkt_RF_t1": 0.9873446764958509,
      "Mkt_RF_t3": 0.991885235277135,
      "Mkt_RF_t6": 0.9908292892191308,
      "Mkt_RF_t12": 0.9886119962944004,
      "Mkt_RF_cum12": 0.9867268719823731,
      "Mkt_RF_vol12": 0.9936633673114479,
      "Mkt_RF_vol24": 0.9966333725075565,
      "Mkt_RF_dd": 0.9869737991733869,
      "hml_smb_corr12": 0.7222212793396628,
      "hml_mkt_corr12": 0.7628449482656121,
      "smb_mkt_corr12": 0.9112268602685891,
      "mkt_bull12": 0.8712739504655623,
      "hml_vol_ratio": 0.7591906769483995,
      "smb_vol_ratio": 0.9286084236255471
    },
    "avg_feature_corr": 0.8976809178273879
  },
  "SMB": {
    "target": "SMB",
    "n_dev_french": 888,
    "dev_period": "1926-07\u21922000-06",
    "base_rate_dev": 0.5337837837837838,
    "phaseA": {
      "lr_auc_mean": 0.5652412572804603,
      "lr_auc_std": 0.2699035317591976,
      "lgbm_auc_mean": 0.5141403036173531,
      "lgbm_auc_std": 0.2651654668050407,
      "n_folds": 23
    },
    "n_oos_etf": 310,
    "oos_period": "2000-06\u21922026-03",
    "base_rate_oos": 0.49032258064516127,
    "phaseB": {
      "lr_auc": 0.6113424383744172,
      "lgbm_auc": 0.5537558294470353,
      "n_obs": 310
    },
    "feature_corr": {
      "HML_t1": 0.8268343296336962,
      "HML_t3": 0.8437923570171548,
      "HML_t6": 0.8694271310669016,
      "HML_t12": 0.8620099259706575,
      "HML_cum12": 0.8656900270443825,
      "HML_vol12": 0.7811980956222129,
      "HML_vol24": 0.8193861773737646,
      "HML_dd": 0.8218319658283856,
      "SMB_t1": 0.912613713988986,
      "SMB_t3": 0.9194935343254999,
      "SMB_t6": 0.9124001079491034,
      "SMB_t12": 0.92319323921513,
      "SMB_cum12": 0.9213340914530441,
      "SMB_vol12": 0.9214966736760067,
      "SMB_vol24": 0.9443380873017435,
      "SMB_dd": 0.907353330180312,
      "Mkt_RF_t1": 0.9873446764958509,
      "Mkt_RF_t3": 0.991885235277135,
      "Mkt_RF_t6": 0.9908292892191308,
      "Mkt_RF_t12": 0.9886119962944004,
      "Mkt_RF_cum12": 0.9867268719823731,
      "Mkt_RF_vol12": 0.9936633673114479,
      "Mkt_RF_vol24": 0.9966333725075565,
      "Mkt_RF_dd": 0.9869737991733869,
      "hml_smb_corr12": 0.7222212793396628,
      "hml_mkt_corr12": 0.7628449482656121,
      "smb_mkt_corr12": 0.9112268602685891,
      "mkt_bull12": 0.8712739504655623,
      "hml_vol_ratio": 0.7591906769483995,
      "smb_vol_ratio": 0.9286084236255471
    },
    "avg_feature_corr": 0.8976809178273879
  }
}