{
  "cagr": 0.0944432407148077,
  "sharpe": 1.0673007928966656,
  "sortino": 2.2496270180247695,
  "max_drawdown": -0.23069377471023256,
  "total_return": 0.3110116667262104,
  "volatility": 0.20184785219589102,
  "return_1y": 0.3746827302591942,
  "benchmark_return_1y": NaN,
  "alpha": 0.08077854113246266,
  "beta": 0.6085709912431554,
  "win_rate": 0.509090909090909,
  "final_value": 131101.16667262104,
  "n_days": 605,
  "n_trades": 5018
}